{
  "model_name": "xfin_esg_model_v1",
  "train_metrics": {
    "n": 1530,
    "mae": 0.07993346871667441,
    "rmse": 0.22852128952430106,
    "r2": 0.9993571508418404
  },
  "val_metrics": {
    "n": 328,
    "mae": 0.2759709000837909,
    "rmse": 1.2265846392191107,
    "r2": 0.9815116706395444
  },
  "test_metrics": {
    "n": 329,
    "mae": 0.25956875268584706,
    "rmse": 0.6319236805310472,
    "r2": 0.9945520928358921
  },
  "n_train": 1530,
  "n_val": 328,
  "n_test": 329,
  "best_iteration": 801,
  "training_time_seconds": 3.691077947616577
}