{
  "model_name": "xfin_esg_model_v1",
  "train_metrics": {
    "n": 1530,
    "mae": 0.09462215453787627,
    "rmse": 0.33454290859499886,
    "r2": 0.9986222849448358
  },
  "val_metrics": {
    "n": 328,
    "mae": 0.2721981111247913,
    "rmse": 1.3041581491780452,
    "r2": 0.97909918866911
  },
  "test_metrics": {
    "n": 329,
    "mae": 0.2696872844579191,
    "rmse": 0.6795580141627154,
    "r2": 0.9936998119177565
  },
  "n_train": 1530,
  "n_val": 328,
  "n_test": 329,
  "best_iteration": 715,
  "training_time_seconds": 14.740008115768433
}